transition,cell_type,in_src,in_tgt,n_src,n_tgt
rat_RA_HO,gCAP,True,True,1564,732
rat_RA_HO,aCAP,True,True,417,95
rat_RA_HO,Peri,True,True,294,238
rat_RA_HO,VEC,True,True,168,139
rat_HO_AZI,gCAP,True,True,732,608
rat_HO_AZI,aCAP,True,True,95,86
rat_HO_AZI,Peri,True,True,238,188
rat_HO_AZI,VEC,True,True,139,113
human_He22_Acute26,Pericyte,True,True,410,269
human_He22_Acute26,aCap,True,True,116,304
human_He22_Acute26,Pulmonary venous EC,True,True,104,198
human_He22_Acute26,gCap,True,True,512,1212
human_Acute26_BPD7mo,Pericyte,True,True,269,27
human_Acute26_BPD7mo,aCap,True,True,304,29
human_Acute26_BPD7mo,Pulmonary venous EC,True,True,198,44
human_Acute26_BPD7mo,gCap,True,True,1212,138
human_Acute26_BPDPH7mo,Pericyte,True,True,269,212
human_Acute26_BPDPH7mo,aCap,True,True,304,526
human_Acute26_BPDPH7mo,Pulmonary venous EC,True,True,198,188
human_Acute26_BPDPH7mo,gCap,True,True,1212,1744
