source,condition,cell_type,train,valid,test
atlas,He22,Pericyte,346,2,62
atlas,He22,Pulmonary venous EC,86,2,16
atlas,He22,aCap,97,2,17
atlas,He22,gCap,430,5,77
bpd,Acute26,Pericyte,227,2,40
bpd,Acute26,Pulmonary venous EC,166,2,30
bpd,Acute26,aCap,256,2,46
bpd,Acute26,gCap,1057,5,150
bpd,BPD7mo,Pericyte,20,0,7
bpd,BPD7mo,Pulmonary venous EC,32,2,10
bpd,BPD7mo,aCap,20,0,9
bpd,BPD7mo,gCap,112,5,21
bpd,BPDPH7mo,Pericyte,178,2,32
bpd,BPDPH7mo,Pulmonary venous EC,158,2,28
bpd,BPDPH7mo,aCap,445,2,79
bpd,BPDPH7mo,gCap,1589,5,150
rat,AZI,Peri,158,2,28
rat,AZI,VEC,94,2,17
rat,AZI,aCAP,71,2,13
rat,AZI,gCAP,512,5,91
rat,HO,Peri,200,2,36
rat,HO,VEC,116,2,21
rat,HO,aCAP,79,2,14
rat,HO,gCAP,617,5,110
rat,RA,Peri,248,2,44
rat,RA,VEC,141,2,25
rat,RA,aCAP,352,2,63
rat,RA,gCAP,1409,5,150
